--
-- Скрипт сгенерирован Devart dbForge Studio 2020 for MySQL, Версия 9.0.391.0
-- Домашняя страница продукта: http://www.devart.com/ru/dbforge/mysql/studio
-- Дата скрипта: 19.05.2023 8:21:31
-- Версия сервера: 10.3.38
-- Версия клиента: 4.1
--


SET NAMES 'utf8';


INSERT INTO schedule_db.tbl_course(id, Course) VALUES
(1, 1),
(2, 2),
(3, 3),
(4, 4);



INSERT INTO schedule_db.tbl_group(GroupID, `Group`, specialityID, courseID, semestrNuberID, semestrWeekID) VALUES
(1, 311, 2, 1, 1, 1),
(2, 321, 2, 2, 2, 2),
(3, 331, 2, 3, 3, 3),
(4, 341, 2, 4, 4, 4),
(5, 915, 2, 1, 1, 1),
(6, 925, 2, 2, 2, 2),
(7, 935, 2, 3, 3, 3),
(8, 945, 2, 4, 4, 4),
(9, 916, 2, 1, 1, 1),
(10, 926, 2, 2, 2, 2),
(11, 936, 2, 3, 3, 3),
(12, 946, 2, 4, 4, 4),
(13, 1011, 2, 1, 1, 1),
(14, 1021, 2, 2, 2, 2),
(15, 1031, 2, 3, 3, 3),
(16, 1041, 2, 4, 4, 4),
(17, 1115, 2, 1, 1, 1),
(18, 1125, 2, 2, 2, 2),
(19, 1135, 2, 3, 3, 3),
(20, 1145, 2, 4, 4, 4),
(21, 415, 1, 1, 1, 1),
(22, 425, 1, 2, 2, 2),
(23, 435, 1, 3, 3, 3),
(24, 445, 1, 4, 4, 4),
(25, 416, 1, 1, 1, 1),
(26, 426, 1, 2, 2, 2),
(27, 436, 1, 3, 3, 3),
(28, 446, 1, 4, 4, 4),
(29, 611, 1, 1, 1, 1),
(30, 621, 1, 2, 2, 2),
(31, 631, 1, 3, 3, 3),
(32, 641, 1, 4, 4, 4),
(33, 1711, 1, 1, 1, 1),
(34, 1721, 1, 2, 2, 2),
(35, 1731, 1, 3, 3, 3),
(36, 1741, 1, 4, 4, 4);


INSERT INTO schedule_db.tbl_pairs(Id, Pairid) VALUES
(1, 1),
(2, 2),
(3, 3),
(4, 4);


INSERT INTO schedule_db.tbl_predmet(id, predmet, factionid) VALUES
(1, 'History', 1);


INSERT INTO schedule_db.tbl_replacement(Id, `Group`, Pair, Cabinet, Name, Predmet, weekdaysId) VALUES
(20, 1125444, 1, 26, 'Глушенко Л.А.', 'История', 1),
(72, 1125, 2, 4, 'Зинченко О.Э.', 'Осн. Пред.', 2),
(73, 1125, 4, 102, 'Зинченко О.Э.', 'Осн. Пред.', 3),
(74, 1125, 3, 305, 'Пушкин А.А.', 'ОАИП', 4),
(75, 1125, 2, 101, 'Михайлюк П.К.', 'ДОУ Веб дизайн', 5),
(76, 1011, 3, 26, 'Дитковская И.В.', 'Осн. Тех.', 1),
(99, 311, 1, 405, 'Пугачева Е.Л.', 'История', 3),
(100, 915, 2, 26, 'Глушенко Л.А.', 'История', 3);


INSERT INTO schedule_db.tbl_schedule_db(id, Name, Predmet, Cabinet, Day, Pair, Groupid) VALUES
(134, 'Пушкин А.А.', 'ОАИП', 4666, 'Понедельник', 1, 1),
(137, 'Пушкин А.А.', 'ОАИП', 4, 'Понедельник', 2, 1),
(145, 'Пушкин А.А.', 'Раз.окон.прил', 4, 'Вторник', 4, 1),
(146, 'Михайлюк П.К.', 'ДОУ Веб дизайн', 102, 'Среда', 2, 1),
(147, 'Бочарова В.В.', 'Дискр. математ.', 403, 'Пятница', 3, 2),
(148, 'Пушкин А.А.', 'ОАИП', 4, 'Четверг', 1, 3),
(149, 'Пушкин А.А.', 'ОАИП', 4, 'Четверг', 3, 3),
(150, 'Бочарова В.В.', 'Дискр. математ.', 403, 'Пятница', 2, 3),
(151, 'Бочарова В.В.', 'Дискр. математ.', 403, 'Пятница', 466666, 2);



INSERT INTO schedule_db.tbl_semestr(id, CourseID, semesterNuber, semesterWeek) VALUES
(1, 1, 1, 12),
(2, 2, 1, 10),
(3, 3, 1, 13),
(4, 4, 1, 11),
(5, 1, 2, 16),
(6, 2, 2, 20),
(7, 3, 2, 20),
(8, 4, 2, 7);


INSERT INTO schedule_db.tbl_speciality(specialityID, speciality) VALUES
(1, 'Mechanical separation'),
(2, 'Department of Economy and Service');


INSERT INTO schedule_db.tbl_weekdays(id, Day) VALUES
(1, 'Понедельник \r\n'),
(2, 'Вторник'),
(3, 'Среда'),
(4, 'Четверг'),
(5, 'Пятница'),
(6, 'Суббота');